impact_id,lon,lat,category,n_ctx,ProductId,UTCstart
1,-100.492,9.051,good,4,P09_004477_1906_XN_10N100W,2007-07-11T07:17:20.082
1,-100.492,9.051,good,4,P13_006178_1907_XN_10N100W,2007-11-20T20:25:44.806
1,-100.492,9.051,good,4,P16_007246_1891_XI_09N100W,2008-02-12T01:55:14.009
1,-100.492,9.051,good,4,B16_015909_1891_XN_09N100W,2009-12-18T03:23:22.986
2,-171.421,25.605,good,6,P06_003451_2035_XN_23N171W,2007-04-22T08:36:42.528
2,-171.421,25.605,good,6,P13_006286_2073_XN_27N171W,2007-11-29T06:30:20.234
2,-171.421,25.605,good,6,P15_006998_2058_XI_25N171W,2008-01-23T18:09:38.063
2,-171.421,25.605,good,6,P18_008000_2054_XN_25N171W,2008-04-10T20:20:44.346
2,-171.421,25.605,good,6,G16_024377_2058_XN_25N171W,2011-10-08T23:34:47.836
2,-171.421,25.605,good,6,J06_047058_2039_XN_23N171W,2016-08-10T06:18:40.769
3,-91.151,14.527,good,8,P03_002169_1937_XI_13N091W,2007-01-12T11:06:25.029
3,-91.151,14.527,good,8,P14_006560_1936_XN_13N091W,2007-12-20T14:53:49.903
3,-91.151,14.527,good,8,P16_007272_1965_XI_16N091W,2008-02-14T02:34:57.021
3,-91.151,14.527,good,8,B17_016291_1946_XN_14N091W,2010-01-16T21:47:42.939
3,-91.151,14.527,good,8,G17_025007_1946_XN_14N091W,2011-11-27T01:45:19.500
3,-91.151,14.527,good,8,G18_025152_1946_XN_14N091W,2011-12-08T08:55:22.721
3,-91.151,14.527,good,8,F05_037811_1935_XN_13N091W,2014-08-20T18:41:36.762
3,-91.151,14.527,good,8,J03_045842_1934_XN_13N091W,2016-05-07T12:06:49.450
4,-86.015,-6.241,junk,13,P03_002103_1721_XN_07S085W,2007-01-07T07:33:53.908
4,-86.015,-6.241,junk,13,P15_006850_1741_XN_05S086W,2008-01-12T05:10:57.312
4,-86.015,-6.241,junk,13,P17_007496_1738_XI_06S086W,2008-03-02T13:27:53.907
4,-86.015,-6.241,junk,13,P20_008933_1741_XI_05S086W,2008-06-22T13:25:44.746
4,-86.015,-6.241,junk,13,P21_009078_1740_XI_06S086W,2008-07-03T20:37:23.719
4,-86.015,-6.241,junk,13,B22_018348_1730_XN_07S086W,2010-06-26T04:31:31.446
4,-86.015,-6.241,junk,13,D07_029807_1730_XN_07S086W,2012-12-05T01:50:01.635
4,-86.015,-6.241,junk,13,D15_032932_1731_XN_06S086W,2013-08-05T14:10:48.252
4,-86.015,-6.241,junk,13,D18_034422_1730_XN_07S086W,2013-11-29T16:43:42.594
4,-86.015,-6.241,junk,13,D22_035912_1730_XN_07S086W,2014-03-25T19:17:34.366
4,-86.015,-6.241,junk,13,F03_036901_1730_XN_07S085W,2014-06-10T20:49:42.772
4,-86.015,-6.241,junk,13,F18_042677_1737_XN_06S086W,2015-09-03T21:44:59.228
4,-86.015,-6.241,junk,13,J03_045921_1731_XN_06S086W,2016-05-13T15:45:44.592
5,-72.173,-2.952,junk,10,P02_001997_1744_XN_05S072W,2006-12-30T01:20:25.598
5,-72.173,-2.952,junk,10,P18_007891_1742_XN_05S071W,2008-04-02T08:17:38.677
5,-72.173,-2.952,junk,10,B02_010528_1771_XI_02S072W,2008-10-24T20:21:25.488
5,-72.173,-2.952,junk,10,B20_017609_1757_XN_04S072W,2010-04-29T14:30:23.303
5,-72.173,-2.952,junk,10,B22_018031_1757_XN_04S072W,2010-06-01T11:42:38.187
5,-72.173,-2.952,junk,10,G04_019666_1745_XN_05S071W,2010-10-06T21:20:24.019
5,-72.173,-2.952,junk,10,G05_020088_1755_XN_04S072W,2010-11-08T18:29:45.020
5,-72.173,-2.952,junk,10,D22_035661_1746_XI_05S071W,2014-03-06T05:54:51.638
5,-72.173,-2.952,junk,10,F04_037428_1779_XN_02S072W,2014-07-21T22:25:06.862
5,-72.173,-2.952,junk,10,J02_045525_1770_XN_03S071W,2016-04-12T19:08:09.515
6,-93.784,15.652,good,6,P12_005558_1952_XN_15N093W,2007-10-03T12:56:08.619
6,-93.784,15.652,good,6,P18_007984_1959_XN_15N093W,2008-04-09T14:21:35.407
6,-93.784,15.652,good,6,P22_009487_1958_XI_15N093W,2008-08-04T17:38:29.672
6,-93.784,15.652,good,6,B03_010621_1958_XI_15N093W,2008-11-01T02:23:05.493
6,-93.784,15.652,good,6,D02_028172_1958_XN_15N093W,2012-07-30T16:19:35.409
6,-93.784,15.652,good,6,F03_036888_1958_XN_15N093W,2014-06-09T20:38:10.819
7,-126.869,-1.928,junk,6,P06_003344_1782_XN_01S126W,2007-04-14T00:23:24.925
7,-126.869,-1.928,junk,6,P19_008539_1776_XI_02S126W,2008-05-22T20:25:33.787
7,-126.869,-1.928,junk,6,P21_009185_1771_XI_02S127W,2008-07-12T04:44:49.668
7,-126.869,-1.928,junk,6,B02_010319_1781_XI_01S126W,2008-10-08T13:29:41.532
7,-126.869,-1.928,junk,6,D02_027870_1803_XN_00N127W,2012-07-07T03:30:58.063
7,-126.869,-1.928,junk,6,F03_036797_1806_XN_00N127W,2014-06-02T18:20:39.623
8,176.886,46.354,good,41,P20_008699_2247_XN_44N182W,2008-06-04T07:57:39.762
8,176.886,46.354,good,41,P22_009556_2263_XI_46N183W,2008-08-10T02:50:05.626
8,176.886,46.354,good,41,B01_009978_2266_XI_46N183W,2008-09-12T00:02:31.588
8,176.886,46.354,good,41,B01_010189_2282_XN_48N183W,2008-09-28T10:38:05.270
8,176.886,46.354,good,41,B02_010334_2266_XN_46N183W,2008-10-09T17:47:55.596
8,176.886,46.354,good,41,B02_010400_2266_XI_46N183W,2008-10-14T21:13:24.504
8,176.886,46.354,good,41,B03_010901_2266_XI_46N183W,2008-11-22T22:12:22.434
8,176.886,46.354,good,41,B04_011323_2266_XN_46N183W,2008-12-25T19:25:13.763
8,176.886,46.354,good,41,B05_011468_2266_XN_46N183W,2009-01-06T02:35:25.233
8,176.886,46.354,good,41,B08_012602_2266_XN_46N183W,2009-04-04T11:17:09.702
8,176.886,46.354,good,41,B09_013024_2266_XN_46N183W,2009-05-07T08:27:37.377
8,176.886,46.354,good,41,B17_016136_2245_XI_44N182W,2010-01-04T20:04:36.247
8,176.886,46.354,good,41,B19_017059_2244_XI_44N182W,2010-03-17T18:09:26.961
8,176.886,46.354,good,41,B20_017270_2289_XN_48N183W,2010-04-03T04:47:16.530
8,176.886,46.354,good,41,G02_018971_2245_XI_44N182W,2010-08-13T17:52:28.549
8,176.886,46.354,good,41,G04_019749_2244_XI_44N182W,2010-10-13T08:48:39.302
8,176.886,46.354,good,41,G06_020527_2244_XI_44N182W,2010-12-12T23:44:59.136
8,176.886,46.354,good,41,G16_024351_2245_XI_44N182W,2011-10-06T23:02:58.149
8,176.886,46.354,good,41,G18_025274_2245_XI_44N182W,2011-12-17T21:12:55.759
8,176.886,46.354,good,41,G20_026052_2245_XI_44N182W,2012-02-16T12:06:14.586
8,176.886,46.354,good,41,G23_027041_2245_XI_44N182W,2012-05-03T13:36:11.304
8,176.886,46.354,good,41,D02_027885_2245_XI_44N182W,2012-07-08T07:47:34.178
8,176.886,46.354,good,41,D04_028729_2245_XI_44N182W,2012-09-12T02:03:05.868
8,176.886,46.354,good,41,D06_029652_2245_XI_44N182W,2012-11-23T00:13:23.577
8,176.886,46.354,good,41,D16_033344_2245_XI_44N182W,2013-09-06T16:59:49.301
8,176.886,46.354,good,41,D18_034122_2245_XI_44N182W,2013-11-06T07:56:44.115
8,176.886,46.354,good,41,D20_034900_2245_XI_44N182W,2014-01-05T22:59:11.807
8,176.886,46.354,good,41,D22_035823_2245_XI_44N182W,2014-03-18T21:07:14.243
8,176.886,46.354,good,41,F02_036601_2246_XI_44N182W,2014-05-18T11:59:39.007
8,176.886,46.354,good,41,F04_037379_2245_XI_44N182W,2014-07-18T03:01:24.867
8,176.886,46.354,good,41,F06_038289_2245_XI_44N182W,2014-09-27T00:36:37.226
8,176.886,46.354,good,41,F17_042377_2245_XI_44N182W,2015-08-11T12:57:45.625
8,176.886,46.354,good,41,F19_043155_2245_XI_44N182W,2015-10-11T03:53:28.407
8,176.886,46.354,good,41,F21_043933_2245_XI_44N182W,2015-12-10T18:42:24.826
8,176.886,46.354,good,41,F23_044777_2245_XI_44N182W,2016-02-14T12:49:08.965
8,176.886,46.354,good,41,J02_045621_2246_XI_44N182W,2016-04-20T06:56:02.619
8,176.886,46.354,good,41,J04_046399_2245_XI_44N182W,2016-06-19T21:58:49.341
8,176.886,46.354,good,41,J05_046544_2282_XN_48N183W,2016-07-01T05:10:21.079
8,176.886,46.354,good,41,J06_047322_2244_XN_44N182W,2016-08-30T20:10:12.375
8,176.886,46.354,good,41,J16_051159_2244_XI_44N182W,2017-06-25T20:14:58.529
8,176.886,46.354,good,41,J18_051937_2245_XI_44N182W,2017-08-25T11:10:13.203
9,-113.431,-2.02,good,7,P06_003449_1762_XN_03S113W,2007-04-22T04:43:48.126
9,-113.431,-2.02,good,7,P08_004082_1762_XI_03S113W,2007-06-10T12:31:08.403
9,-113.431,-2.02,good,7,B01_009923_1790_XN_01S113W,2008-09-07T16:55:50.753
9,-113.431,-2.02,good,7,B03_010635_1780_XI_02S113W,2008-11-02T04:28:27.448
9,-113.431,-2.02,good,7,D12_031944_1790_XN_01S113W,2013-05-20T14:29:19.130
9,-113.431,-2.02,good,7,J03_045922_1780_XN_02S113W,2016-05-13T17:39:34.587
9,-113.431,-2.02,good,7,J05_046845_1793_XN_00S113W,2016-07-24T15:48:34.560
10,-123.966,-6.018,faint,22,P07_003845_1749_XN_05S124W,2007-05-23T01:17:36.820
10,-123.966,-6.018,faint,22,B05_011743_1731_XN_06S124W,2009-01-27T12:35:16.366
10,-123.966,-6.018,faint,22,B06_011809_1731_XN_06S123W,2009-02-01T16:00:43.422
10,-123.966,-6.018,faint,22,B12_014433_1731_XI_06S124W,2009-08-25T03:09:52.319
10,-123.966,-6.018,faint,22,B17_016200_1740_XI_06S124W,2010-01-09T19:30:44.117
10,-123.966,-6.018,faint,22,B17_016411_1731_XN_06S124W,2010-01-26T06:05:19.260
10,-123.966,-6.018,faint,22,G04_019602_1732_XI_06S124W,2010-10-01T21:39:17.296
10,-123.966,-6.018,faint,22,G08_021514_1731_XI_06S124W,2011-02-27T21:18:41.998
10,-123.966,-6.018,faint,22,G19_025549_1749_XI_05S124W,2012-01-08T07:13:19.731
10,-123.966,-6.018,faint,22,G21_026327_1734_XN_06S123W,2012-03-08T22:07:48.619
10,-123.966,-6.018,faint,22,G22_026683_1749_XI_05S124W,2012-04-05T15:53:06.553
10,-123.966,-6.018,faint,22,D09_030850_1731_XI_06S124W,2013-02-24T08:27:37.155
10,-123.966,-6.018,faint,22,D14_032696_1732_XI_06S124W,2013-07-18T04:49:10.588
10,-123.966,-6.018,faint,22,D20_034964_1731_XN_06S124W,2014-01-10T22:25:24.189
10,-123.966,-6.018,faint,22,F02_036520_1729_XI_07S123W,2014-05-12T04:14:00.149
10,-123.966,-6.018,faint,22,F06_038142_1732_XI_06S124W,2014-09-15T13:30:27.282
10,-123.966,-6.018,faint,22,F14_041228_1732_XI_06S124W,2015-05-13T23:50:30.037
10,-123.966,-6.018,faint,22,F18_042863_1732_XI_06S124W,2015-09-18T09:34:47.439
10,-123.966,-6.018,faint,22,J03_045896_1733_XI_06S124W,2016-05-11T17:00:24.526
10,-123.966,-6.018,faint,22,J08_048098_1732_XI_06S124W,2016-10-30T07:17:44.610
10,-123.966,-6.018,faint,22,J12_049588_1732_XI_06S124W,2017-02-23T09:57:18.146
10,-123.966,-6.018,faint,22,J16_051078_1732_XI_06S124W,2017-06-19T12:30:37.564
11,-109.233,2.912,good,3,P17_007510_1851_XN_05N109W,2008-03-03T15:41:54.788
11,-109.233,2.912,good,3,B05_011782_1818_XI_01N109W,2009-01-30T13:33:36.333
11,-109.233,2.912,good,3,B07_012349_1829_XI_02N109W,2009-03-15T17:54:14.858
12,-104.989,11.479,good,8,P13_005954_1927_XI_12N105W,2007-11-03T09:29:10.164
12,-104.989,11.479,good,8,B06_012006_1912_XI_11N104W,2009-02-17T00:31:01.208
12,-104.989,11.479,good,8,B08_012573_1925_XI_12N105W,2009-04-02T04:51:35.890
12,-104.989,11.479,good,8,B08_012718_1911_XI_11N104W,2009-04-13T12:01:56.801
12,-104.989,11.479,good,8,B10_013707_1915_XI_11N105W,2009-06-29T13:34:00.486
12,-104.989,11.479,good,8,G12_022779_1912_XI_11N104W,2011-06-06T11:07:20.675
12,-104.989,11.479,good,8,D10_031047_1915_XN_11N105W,2013-03-11T17:00:00.906
12,-104.989,11.479,good,8,F12_040502_1915_XN_11N105W,2015-03-18T10:15:08.474
13,177.892,5.544,good,3,P02_001790_1871_XN_07N182W,2006-12-13T22:17:15.580
13,177.892,5.544,good,3,B06_012022_1845_XI_04N182W,2009-02-18T06:24:17.221
13,177.892,5.544,good,3,B21_017969_1856_XI_05N182W,2010-05-27T15:49:09.848
14,-173.516,10.599,faint,5,P08_004150_1923_XI_12N173W,2007-06-15T19:46:21.473
14,-173.516,10.599,faint,5,B07_012259_1927_XI_12N173W,2009-03-08T17:38:31.857
14,-173.516,10.599,faint,5,B12_014382_1907_XI_10N173W,2009-08-21T03:52:45.378
14,-173.516,10.599,faint,5,B17_016149_1907_XI_10N173W,2010-01-05T20:13:23.127
14,-173.516,10.599,faint,5,D08_030443_1919_XN_11N173W,2013-01-23T15:23:17.322
15,-158.605,4.431,good,5,P18_008171_1829_XN_02N158W,2008-04-24T04:04:07.852
15,-158.605,4.431,good,5,B08_012931_1847_XN_04N158W,2009-04-30T02:19:05.361
15,-158.605,4.431,good,5,B09_013287_1844_XI_04N158W,2009-05-27T20:05:05.714
15,-158.605,4.431,good,5,D10_031049_1844_XN_04N158W,2013-03-11T20:42:11.436
15,-158.605,4.431,good,5,F11_039937_1844_XN_04N158W,2015-02-02T09:36:01.646
16,-142.358,-8.879,junk,5,P03_002382_1705_XN_09S142W,2007-01-29T01:19:14.641
16,-142.358,-8.879,junk,5,B09_013181_1733_XN_06S142W,2009-05-19T13:46:35.168
16,-142.358,-8.879,junk,5,B20_017427_1704_XI_09S142W,2010-04-15T10:06:25.858
16,-142.358,-8.879,junk,5,G01_018561_1711_XN_08S142W,2010-07-12T18:50:46.321
16,-142.358,-8.879,junk,5,J01_045211_1711_XN_08S142W,2016-03-19T07:59:37.838
17,-111.088,-0.632,good,4,P03_002394_1809_XN_00N111W,2007-01-29T23:48:21.590
17,-111.088,-0.632,good,4,B09_013193_1810_XI_01N111W,2009-05-20T12:15:25.733
17,-111.088,-0.632,good,4,B16_015949_1794_XN_00S111W,2009-12-21T06:08:34.162
17,-111.088,-0.632,good,4,G04_019984_1796_XN_00S111W,2010-10-31T16:02:27.928
18,-100.605,-6.847,good,4,P21_009250_1733_XI_06S100W,2008-07-17T06:16:54.662
18,-100.605,-6.847,good,4,B11_013786_1729_XI_07S100W,2009-07-05T17:12:29.478
18,-100.605,-6.847,good,4,B17_016331_1731_XI_06S100W,2010-01-20T00:29:19.107
18,-100.605,-6.847,good,4,J10_048585_1729_XI_07S100W,2016-12-07T06:12:10.521
19,-113.29,-4.168,good,6,P06_003449_1762_XN_03S113W,2007-04-22T04:43:48.126
19,-113.29,-4.168,good,6,P08_004082_1762_XI_03S113W,2007-06-10T12:31:08.403
19,-113.29,-4.168,good,6,P09_004438_1763_XI_03S113W,2007-07-08T06:16:47.471
19,-113.29,-4.168,good,6,B11_014037_1761_XN_03S113W,2009-07-25T06:38:21.048
19,-113.29,-4.168,good,6,B12_014182_1761_XN_03S113W,2009-08-05T13:48:02.950
19,-113.29,-4.168,good,6,B18_016582_1759_XI_04S113W,2010-02-08T13:52:59.027
20,-124.902,3.242,good,6,P13_006113_1819_XN_01N124W,2007-11-15T18:49:01.455
20,-124.902,3.242,good,6,B16_015989_1834_XN_03N124W,2009-12-24T08:58:14.654
20,-124.902,3.242,good,6,G13_023426_1832_XI_03N124W,2011-07-26T21:01:41.556
20,-124.902,3.242,good,6,D13_032340_1832_XN_03N124W,2013-06-20T11:04:30.772
20,-124.902,3.242,good,6,F05_037654_1832_XI_03N124W,2014-08-08T13:03:19.744
20,-124.902,3.242,good,6,F12_040384_1820_XI_02N124W,2015-03-09T05:32:27.478
21,-80.636,4.866,good,3,P17_007799_1860_XN_06N081W,2008-03-26T04:16:22.595
21,-80.636,4.866,good,3,B17_016172_1863_XN_06N080W,2010-01-07T15:12:04.092
21,-80.636,4.866,good,3,G20_025943_1849_XN_04N080W,2012-02-08T00:03:39.426
22,-80.201,24.106,good,8,P15_006876_2033_XN_23N080W,2008-01-14T05:57:53.344
22,-80.201,24.106,good,8,P22_009526_2045_XI_24N080W,2008-08-07T18:37:22.685
22,-80.201,24.106,good,8,B02_010370_2044_XN_24N080W,2008-10-12T13:00:13.637
22,-80.201,24.106,good,8,B17_016251_2044_XN_24N080W,2010-01-13T19:02:34.650
22,-80.201,24.106,good,8,B17_016396_2044_XN_24N080W,2010-01-25T02:12:13.470
22,-80.201,24.106,good,8,G21_026589_2043_XN_24N080W,2012-03-29T08:15:24.635
22,-80.201,24.106,good,8,J19_052329_2040_XN_24N080W,2017-09-25T00:09:36.380
22,-80.201,24.106,good,8,J20_052540_2040_XN_24N080W,2017-10-11T10:47:41.235
23,37.832,-0.964,good,9,P07_003694_1797_XI_00S322W,2007-05-11T06:56:03.462
23,37.832,-0.964,good,9,B17_016260_1788_XN_01S322W,2010-01-14T11:44:08.524
23,37.832,-0.964,good,9,B19_017038_1791_XI_00S322W,2010-03-16T02:39:30.962
23,37.832,-0.964,good,9,D08_030409_1791_XN_00S322W,2013-01-20T23:44:09.449
23,37.832,-0.964,good,9,D19_034813_1791_XN_00S322W,2013-12-30T04:02:59.564
23,37.832,-0.964,good,9,F02_036580_1786_XN_01S322W,2014-05-16T20:28:48.844
23,37.832,-0.964,good,9,F03_037081_1815_XN_01N322W,2014-06-24T21:30:32.396
23,37.832,-0.964,good,9,F21_043846_1791_XN_00S322W,2015-12-03T23:48:07.251
23,37.832,-0.964,good,9,J08_047947_1794_XI_00S322W,2016-10-18T12:54:58.758
24,178.252,30.494,good,4,P18_008119_2106_XN_30N182W,2008-04-20T02:57:08.163
24,178.252,30.494,good,4,B17_016347_2105_XN_30N181W,2010-01-21T06:35:39.413
24,178.252,30.494,good,4,B20_017481_2107_XI_30N181W,2010-04-19T15:18:37.957
24,178.252,30.494,good,4,D21_035467_2107_XN_30N181W,2014-02-19T03:18:55.961
25,-176.035,-2.566,good,4,B03_010901_1782_XN_01S176W,2008-11-22T21:56:59.688
25,-176.035,-2.566,good,4,B18_016492_1798_XN_00S176W,2010-02-01T13:35:18.799
25,-176.035,-2.566,good,4,B22_018404_1774_XI_02S176W,2010-06-30T13:16:36.665
25,-176.035,-2.566,good,4,F01_036034_1764_XN_03S176W,2014-04-04T07:26:40.662
26,-114.71,24.921,good,11,P20_008868_2048_XN_24N114W,2008-06-17T11:59:55.076
26,-114.71,24.921,good,11,B18_016516_2043_XN_24N114W,2010-02-03T10:36:06.040
26,-114.71,24.921,good,11,B20_017439_2043_XI_24N114W,2010-04-16T08:43:20.848
26,-114.71,24.921,good,11,G01_018639_2050_XN_25N114W,2010-07-18T20:53:01.532
26,-114.71,24.921,good,11,G01_018784_2051_XI_25N114W,2010-07-30T04:03:42.612
26,-114.71,24.921,good,11,G19_025654_2048_XN_24N114W,2012-01-16T11:43:44.279
26,-114.71,24.921,good,11,G21_026287_2048_XN_24N114W,2012-03-05T19:29:27.177
26,-114.71,24.921,good,11,D04_028898_2047_XN_24N114W,2012-09-25T06:01:02.591
26,-114.71,24.921,good,11,D18_034357_2050_XI_25N114W,2013-11-24T15:19:19.069
26,-114.71,24.921,good,11,F02_036691_2048_XN_24N114W,2014-05-25T12:13:36.990
26,-114.71,24.921,good,11,J01_045012_2051_XN_25N114W,2016-03-03T20:06:25.938
27,-140.765,30.792,junk,9,P13_006153_2133_XN_33N141W,2007-11-18T21:47:12.837
27,-140.765,30.792,junk,9,B18_016662_2087_XN_28N140W,2010-02-14T19:38:34.445
27,-140.765,30.792,junk,9,B19_017229_2110_XI_31N140W,2010-03-31T00:01:39.971
27,-140.765,30.792,junk,9,D19_034793_2110_XN_31N140W,2013-12-28T14:48:34.946
27,-140.765,30.792,junk,9,F09_039145_2115_XI_31N141W,2014-12-02T16:39:40.987
27,-140.765,30.792,junk,9,F10_039712_2114_XI_31N141W,2015-01-15T20:59:49.830
27,-140.765,30.792,junk,9,F12_040411_2114_XI_31N141W,2015-03-11T08:10:52.493
27,-140.765,30.792,junk,9,F17_042481_2115_XI_31N140W,2015-08-19T15:23:45.707
27,-140.765,30.792,junk,9,F17_042547_2115_XI_31N140W,2015-08-24T18:49:22.699
28,-109.213,-13.995,junk,37,P07_003739_1652_XN_14S109W,2007-05-14T19:01:12.612
28,-109.213,-13.995,junk,37,P17_007576_1672_XI_12S109W,2008-03-08T19:03:27.877
28,-109.213,-13.995,junk,37,B03_010714_1652_XI_14S109W,2008-11-08T08:09:13.459
28,-109.213,-13.995,junk,37,B04_011281_1653_XI_14S109W,2008-12-22T12:33:09.391
28,-109.213,-13.995,junk,37,B06_011848_1652_XN_14S109W,2009-02-04T16:54:19.287
28,-109.213,-13.995,junk,37,B06_012059_1652_XI_14S109W,2009-02-21T03:29:58.227
28,-109.213,-13.995,junk,37,B08_012626_1653_XI_14S109W,2009-04-06T07:50:45.808
28,-109.213,-13.995,junk,37,B11_013760_1652_XI_14S109W,2009-07-03T16:32:55.458
28,-109.213,-13.995,junk,37,B17_016305_1653_XI_14S109W,2010-01-17T23:49:17.175
28,-109.213,-13.995,junk,37,B18_016727_1658_XI_14S109W,2010-02-19T20:58:47.069
28,-109.213,-13.995,junk,37,B19_017083_1652_XN_14S109W,2010-03-19T14:44:32.316
28,-109.213,-13.995,junk,37,B21_017650_1653_XI_14S109W,2010-05-02T19:07:48.819
28,-109.213,-13.995,junk,37,B21_018006_1653_XN_14S109W,2010-05-30T12:54:19.008
28,-109.213,-13.995,junk,37,G02_019140_1652_XI_14S109W,2010-08-26T21:37:52.594
28,-109.213,-13.995,junk,37,G06_020485_1652_XN_14S109W,2010-12-09T16:54:17.490
28,-109.213,-13.995,junk,37,G16_024520_1652_XI_14S109W,2011-10-20T02:48:07.234
28,-109.213,-13.995,junk,37,G17_024876_1653_XI_14S109W,2011-11-16T20:36:32.942
28,-109.213,-13.995,junk,37,G18_025232_1652_XI_14S109W,2011-12-14T14:22:24.896
28,-109.213,-13.995,junk,37,D15_033012_1652_XI_14S109W,2013-08-11T19:45:58.623
28,-109.213,-13.995,junk,37,D16_033368_1652_XI_14S109W,2013-09-08T13:34:54.357
28,-109.213,-13.995,junk,37,D17_033724_1652_XI_14S109W,2013-10-06T07:21:33.262
28,-109.213,-13.995,junk,37,D20_034858_1652_XN_14S109W,2014-01-02T16:08:13.514
28,-109.213,-13.995,junk,37,D20_035214_1652_XI_14S108W,2014-01-30T09:55:50.742
28,-109.213,-13.995,junk,37,F03_036981_1652_XN_14S109W,2014-06-17T02:24:31.031
28,-109.213,-13.995,junk,37,F07_038590_1652_XN_14S109W,2014-10-20T10:55:57.539
28,-109.213,-13.995,junk,37,F10_039566_1634_XN_16S108W,2015-01-04T11:44:08.113
28,-109.213,-13.995,junk,37,F12_040344_1652_XN_14S109W,2015-03-06T02:39:32.222
28,-109.213,-13.995,junk,37,F13_040911_1653_XI_14S109W,2015-04-19T07:00:40.264
28,-109.213,-13.995,junk,37,F14_041122_1652_XN_14S109W,2015-05-05T17:35:20.548
28,-109.213,-13.995,junk,37,F18_042757_1652_XN_14S109W,2015-09-10T03:18:38.598
28,-109.213,-13.995,junk,37,J01_045012_1652_XI_14S109W,2016-03-03T19:53:55.899
28,-109.213,-13.995,junk,37,J02_045645_1653_XI_14S109W,2016-04-22T03:31:19.709
28,-109.213,-13.995,junk,37,J05_046568_1653_XI_14S109W,2016-07-03T01:43:59.332
28,-109.213,-13.995,junk,37,J07_047491_1662_XN_13S109W,2016-09-12T23:56:11.195
28,-109.213,-13.995,junk,37,J11_049271_1653_XI_14S109W,2017-01-29T17:07:40.337
28,-109.213,-13.995,junk,37,J13_049904_1653_XI_14S109W,2017-03-20T00:47:25.075
28,-109.213,-13.995,junk,37,J15_050616_1653_XI_14S109W,2017-05-14T12:26:30.797
29,-114.811,7.495,good,7,P16_007352_1856_XN_05N114W,2008-02-20T08:09:47.887
29,-114.811,7.495,good,7,P17_007497_1865_XN_06N114W,2008-03-02T15:23:43.177
29,-114.811,7.495,good,7,B20_017360_1895_XI_09N115W,2010-04-10T04:53:45.903
29,-114.811,7.495,good,7,B21_017927_1875_XI_07N114W,2010-05-24T09:16:53.782
29,-114.811,7.495,good,7,G16_024586_1857_XI_05N114W,2011-10-25T06:20:25.209
29,-114.811,7.495,good,7,G19_025786_1857_XI_05N114W,2012-01-26T18:27:19.712
29,-114.811,7.495,good,7,F21_044023_1875_XN_07N114W,2015-12-17T18:48:46.209
30,-88.535,12.332,good,7,P18_007997_1935_XN_13N088W,2008-04-10T14:39:46.101
30,-88.535,12.332,good,7,B20_017570_1913_XN_11N088W,2010-04-26T13:38:29.323
30,-88.535,12.332,good,7,G01_018493_1924_XI_12N088W,2010-07-07T11:47:35.729
30,-88.535,12.332,good,7,F01_036123_1936_XN_13N088W,2014-04-11T05:57:25.148
30,-88.535,12.332,good,7,F02_036611_1932_XN_13N088W,2014-05-19T06:32:15.349
30,-88.535,12.332,good,7,J01_045143_1924_XN_12N088W,2016-03-14T00:58:07.756
30,-88.535,12.332,good,7,J06_047055_1921_XN_12N088W,2016-08-10T00:38:56.082
31,-174.498,40.341,good,23,B16_016017_2231_XI_43N174W,2009-12-26T13:31:35.227
31,-174.498,40.341,good,23,B17_016439_2230_XN_43N175W,2010-01-28T10:41:57.239
31,-174.498,40.341,good,23,B18_016650_2206_XN_40N174W,2010-02-13T21:16:36.998
31,-174.498,40.341,good,23,B22_018140_2231_XI_43N174W,2010-06-09T23:47:33.789
31,-174.498,40.341,good,23,G01_018707_2193_XI_39N174W,2010-07-24T04:07:24.596
31,-174.498,40.341,good,23,G04_019630_2231_XI_43N174W,2010-10-04T02:16:03.314
31,-174.498,40.341,good,23,G05_020052_2206_XI_40N174W,2010-11-05T23:24:54.222
31,-174.498,40.341,good,23,G16_024588_2231_XI_43N174W,2011-10-25T10:16:24.153
31,-174.498,40.341,good,23,G22_026711_2231_XI_43N174W,2012-04-07T20:29:20.427
31,-174.498,40.341,good,23,D03_028399_2231_XI_43N174W,2012-08-17T08:55:31.007
31,-174.498,40.341,good,23,D07_029955_2231_XI_43N174W,2012-12-16T14:50:58.464
31,-174.498,40.341,good,23,D16_033436_2231_XI_43N174W,2013-09-13T21:02:48.266
31,-174.498,40.341,good,23,D20_035137_2231_XI_43N174W,2014-01-24T10:13:05.766
31,-174.498,40.341,good,23,D21_035427_2205_XN_40N174W,2014-02-16T00:33:44.522
31,-174.498,40.341,good,23,F01_036126_2228_XN_42N174W,2014-04-11T11:42:52.436
31,-174.498,40.341,good,23,F02_036403_2231_XI_43N174W,2014-05-03T01:40:52.118
31,-174.498,40.341,good,23,F07_038447_2231_XI_43N174W,2014-10-09T07:56:16.167
31,-174.498,40.341,good,23,F16_042113_2231_XI_43N174W,2015-07-21T23:13:59.752
31,-174.498,40.341,good,23,F21_043814_2231_XI_43N174W,2015-12-01T12:10:55.866
31,-174.498,40.341,good,23,J01_045357_2231_XI_43N174W,2016-03-30T17:13:05.754
31,-174.498,40.341,good,23,J05_046913_2231_XI_43N174W,2016-07-29T23:12:34.169
31,-174.498,40.341,good,23,J15_050684_2231_XI_43N174W,2017-05-19T19:54:30.718
31,-174.498,40.341,good,23,J20_052596_2231_XN_43N174W,2017-10-15T19:37:29.707
32,133.705,46.611,good,22,B19_016876_2281_XI_48N226W,2010-03-03T11:55:49.009
32,133.705,46.611,good,22,B21_017654_2279_XI_47N226W,2010-05-03T02:56:07.900
32,133.705,46.611,good,22,G01_018577_2279_XI_47N226W,2010-07-14T01:03:34.689
32,133.705,46.611,good,22,G02_018854_2263_XI_46N226W,2010-08-04T15:04:54.617
32,133.705,46.611,good,22,G03_019500_2279_XI_47N226W,2010-09-23T23:11:34.254
32,133.705,46.611,good,22,G05_020278_2282_XI_48N226W,2010-11-23T14:06:17.132
32,133.705,46.611,good,22,G16_024313_2279_XI_47N226W,2011-10-04T00:01:09.316
32,133.705,46.611,good,22,G18_025447_2279_XI_47N226W,2011-12-31T08:45:30.827
32,133.705,46.611,good,22,G21_026436_2279_XI_47N226W,2012-03-17T10:15:17.537
32,133.705,46.611,good,22,D02_027913_2279_XI_47N226W,2012-07-10T12:10:15.148
32,133.705,46.611,good,22,D15_033161_2280_XN_48N226W,2013-08-23T10:46:00.037
32,133.705,46.611,good,22,D19_034506_2279_XI_47N226W,2013-12-06T06:07:15.888
32,133.705,46.611,good,22,D21_035429_2279_XI_47N226W,2014-02-16T04:20:13.574
32,133.705,46.611,good,22,F02_036418_2295_XI_49N226W,2014-05-04T05:45:52.167
32,133.705,46.611,good,22,F04_037196_2263_XI_46N226W,2014-07-03T20:48:48.873
32,133.705,46.611,good,22,F06_038040_2279_XI_47N226W,2014-09-07T15:04:20.277
32,133.705,46.611,good,22,F18_042761_2279_XI_47N226W,2015-09-10T11:06:58.529
32,133.705,46.611,good,22,F20_043539_2279_XI_47N226W,2015-11-10T01:59:20.054
32,133.705,46.611,good,22,F22_044317_2279_XI_47N226W,2016-01-09T16:45:07.786
32,133.705,46.611,good,22,J01_045227_2277_XN_47N226W,2016-03-20T14:11:56.288
32,133.705,46.611,good,22,J04_046361_2279_XI_47N226W,2016-06-16T22:56:24.350
32,133.705,46.611,good,22,J16_051121_2279_XI_47N226W,2017-06-22T21:12:40.505
33,53.382,3.119,good,10,P22_009719_1829_XN_02N306W,2008-08-22T19:26:40.406
33,53.382,3.119,good,10,B01_009930_1835_XI_03N306W,2008-09-08T06:02:55.541
33,53.382,3.119,good,10,G01_018712_1840_XI_04N306W,2010-07-24T13:17:38.642
33,53.382,3.119,good,10,G11_022536_1831_XI_03N306W,2011-05-18T12:38:04.728
33,53.382,3.119,good,10,G23_027204_1834_XI_03N306W,2012-05-16T06:12:11.392
33,53.382,3.119,good,10,D01_027626_1829_XI_02N306W,2012-06-18T03:17:45.226
33,53.382,3.119,good,10,D21_035498_1846_XN_04N306W,2014-02-21T13:08:50.299
33,53.382,3.119,good,10,F01_036197_1817_XI_01N306W,2014-04-17T00:15:55.299
33,53.382,3.119,good,10,F02_036408_1855_XI_05N306W,2014-05-03T10:50:03.132
33,53.382,3.119,good,10,J10_048843_1825_XN_02N306W,2016-12-27T08:47:35.459
34,126.305,41.019,good,5,B19_016995_2190_XN_39N233W,2010-03-12T18:26:10.845
34,126.305,41.019,good,5,G02_019052_2214_XI_41N233W,2010-08-20T01:21:00.604
34,126.305,41.019,good,5,G04_019830_2213_XI_41N233W,2010-10-19T16:16:47.314
34,126.305,41.019,good,5,G15_024221_2213_XN_41N233W,2011-09-26T19:57:26.635
34,126.305,41.019,good,5,F05_037671_2238_XN_43N234W,2014-08-09T21:03:20.383
35,-157.204,18.936,good,6,B08_012799_1989_XN_18N157W,2009-04-19T19:33:21.233
35,-157.204,18.936,good,6,B09_013076_1989_XN_18N157W,2009-05-11T09:33:14.341
35,-157.204,18.936,good,6,G02_019168_1992_XN_19N157W,2010-08-29T02:10:10.639
35,-157.204,18.936,good,6,G07_020869_1990_XI_19N157W,2011-01-08T15:12:03.101
35,-157.204,18.936,good,6,D07_029849_1991_XN_19N157W,2012-12-08T08:30:56.352
35,-157.204,18.936,good,6,F06_038275_1991_XN_19N157W,2014-09-25T22:19:12.178
36,112.394,32.251,good,5,B07_012288_2119_XI_31N247W,2009-03-10T23:58:39.883
36,112.394,32.251,good,5,G03_019580_2127_XN_32N247W,2010-09-30T04:42:52.325
36,112.394,32.251,good,5,G06_020714_2125_XI_32N247W,2010-12-27T13:24:44.083
36,112.394,32.251,good,5,G09_021637_2125_XN_32N247W,2011-03-09T11:33:18.920
36,112.394,32.251,good,5,F06_038054_2125_XN_32N247W,2014-09-08T17:10:24.121
37,-163.512,12.272,good,3,B19_016953_1945_XN_14N163W,2010-03-09T11:45:31.424
37,-163.512,12.272,good,3,G04_019788_1920_XI_12N163W,2010-10-16T09:34:35.326
37,-163.512,12.272,good,3,G10_022056_1924_XI_12N163W,2011-04-11T03:01:01.881
38,-113.106,4.473,good,13,P11_005295_1822_XI_02N113W,2007-09-13T01:00:31.251
38,-113.106,4.473,good,13,B01_010002_1852_XN_05N113W,2008-09-13T20:42:04.854
38,-113.106,4.473,good,13,G02_018995_1846_XI_04N113W,2010-08-15T14:33:38.639
38,-113.106,4.473,good,13,G11_022608_1848_XI_04N113W,2011-05-24T03:16:43.609
38,-113.106,4.473,good,13,G12_022964_1845_XI_04N113W,2011-06-20T21:04:08.577
38,-113.106,4.473,good,13,D06_029531_1846_XI_04N113W,2012-11-13T13:43:50.564
38,-113.106,4.473,good,13,D13_032300_1848_XI_04N113W,2013-06-17T08:15:57.806
38,-113.106,4.473,good,13,D22_035847_1847_XI_04N113W,2014-03-20T17:48:09.235
38,-113.106,4.473,good,13,F20_043746_1847_XI_04N113W,2015-11-26T04:50:20.962
38,-113.106,4.473,good,13,J02_045500_1848_XI_04N113W,2016-04-10T20:25:26.723
38,-113.106,4.473,good,13,J07_047346_1846_XI_04N113W,2016-09-01T16:51:28.059
38,-113.106,4.473,good,13,J10_048704_1851_XI_05N113W,2016-12-16T12:50:00.469
38,-113.106,4.473,good,13,J20_052528_1846_XI_04N113W,2017-10-10T12:15:18.911
39,-84.009,3.703,good,4,B09_012981_1844_XI_04N084W,2009-05-03T23:49:22.716
39,-84.009,3.703,good,4,G14_023886_1819_XN_01N083W,2011-08-31T17:17:24.652
39,-84.009,3.703,good,4,G20_025864_1837_XI_03N084W,2012-02-01T20:18:39.708
39,-84.009,3.703,good,4,J20_052461_1837_XI_03N084W,2017-10-05T06:56:32.029
40,-68.891,24.584,good,5,P17_007693_2040_XN_24N068W,2008-03-17T22:06:04.401
40,-68.891,24.584,good,5,G15_024215_2048_XN_24N069W,2011-09-26T08:38:24.976
40,-68.891,24.584,good,5,G16_024637_2048_XN_24N069W,2011-10-29T05:49:24.427
40,-68.891,24.584,good,5,D04_028659_2047_XI_24N068W,2012-09-06T15:02:45.986
40,-68.891,24.584,good,5,F05_037942_2046_XN_24N069W,2014-08-30T23:42:44.959
41,-158.391,35.907,good,31,P02_001723_2156_XN_35N158W,2006-12-08T17:14:31.900
41,-158.391,35.907,good,31,P02_001789_2157_XN_35N158W,2006-12-13T20:34:06.658
41,-158.391,35.907,good,31,P05_002923_2156_XN_35N158W,2007-03-12T05:17:40.706
41,-158.391,35.907,good,31,P09_004479_2152_XI_35N158W,2007-07-11T11:09:28.496
41,-158.391,35.907,good,31,P10_005046_2158_XN_35N158W,2007-08-24T15:30:49.842
41,-158.391,35.907,good,31,P11_005257_2155_XI_35N158W,2007-09-10T02:07:19.232
41,-158.391,35.907,good,31,P13_006180_2160_XN_36N158W,2007-11-21T00:18:01.294
41,-158.391,35.907,good,31,P14_006536_2160_XN_36N158W,2007-12-18T18:07:13.566
41,-158.391,35.907,good,31,P16_007393_2153_XI_35N158W,2008-02-23T13:00:33.873
41,-158.391,35.907,good,31,B08_012588_2155_XN_35N158W,2009-04-03T09:02:19.634
41,-158.391,35.907,good,31,B09_013155_2155_XN_35N158W,2009-05-17T13:22:32.458
41,-158.391,35.907,good,31,B10_013722_2155_XN_35N158W,2009-06-30T17:44:20.206
41,-158.391,35.907,good,31,B12_014289_2155_XN_35N158W,2009-08-13T22:05:31.543
41,-158.391,35.907,good,31,B17_016267_2155_XN_35N158W,2010-01-15T01:00:59.143
41,-158.391,35.907,good,31,B17_016478_2155_XN_35N158W,2010-01-31T11:35:57.669
41,-158.391,35.907,good,31,G05_020091_2155_XN_35N158W,2010-11-09T00:18:48.031
41,-158.391,35.907,good,31,G16_024482_2155_XN_35N158W,2011-10-17T03:59:19.079
41,-158.391,35.907,good,31,G17_024838_2155_XN_35N158W,2011-11-13T21:48:01.740
41,-158.391,35.907,good,31,G18_025405_2155_XN_35N158W,2011-12-28T02:09:01.373
41,-158.391,35.907,good,31,G21_026394_2155_XN_35N158W,2012-03-14T03:38:41.150
41,-158.391,35.907,good,31,D04_028860_2155_XN_35N158W,2012-09-22T07:00:22.660
41,-158.391,35.907,good,31,D06_029427_2167_XN_36N158W,2012-11-05T11:22:58.166
41,-158.391,35.907,good,31,D17_033686_2155_XN_35N158W,2013-10-03T08:33:12.817
41,-158.391,35.907,good,31,D17_033897_2155_XN_35N158W,2013-10-19T19:08:38.704
41,-158.391,35.907,good,31,D19_034464_2155_XN_35N158W,2013-12-02T23:30:02.095
41,-158.391,35.907,good,31,F02_036587_2156_XN_35N158W,2014-05-17T09:46:04.205
41,-158.391,35.907,good,31,F03_036943_2155_XN_35N158W,2014-06-14T03:35:53.078
41,-158.391,35.907,good,31,F06_038209_2155_XN_35N158W,2014-09-20T18:59:59.457
41,-158.391,35.907,good,31,F17_042363_2155_XN_35N158W,2015-08-10T10:44:21.248
41,-158.391,35.907,good,31,F18_042719_2155_XN_35N158W,2015-09-07T04:30:19.838
41,-158.391,35.907,good,31,J03_045963_2155_XN_35N158W,2016-05-16T22:31:52.373
42,-113.169,3.291,good,5,P11_005295_1822_XI_02N113W,2007-09-13T01:00:31.251
42,-113.169,3.291,good,5,B02_010424_1849_XI_04N113W,2008-10-16T17:52:50.484
42,-113.169,3.291,good,5,G17_024942_1813_XI_01N112W,2011-11-22T00:06:32.000
42,-113.169,3.291,good,5,G20_025865_1812_XI_01N113W,2012-02-01T22:09:25.762
42,-113.169,3.291,good,5,D02_027975_1832_XI_03N113W,2012-07-15T07:52:28.222
43,-111.477,2.579,good,4,P03_002394_1809_XN_00N111W,2007-01-29T23:48:21.590
43,-111.477,2.579,good,4,B09_013193_1810_XI_01N111W,2009-05-20T12:15:25.733
43,-111.477,2.579,good,4,G18_025087_1836_XI_03N111W,2011-12-03T07:17:58.877
43,-111.477,2.579,good,4,G20_026221_1836_XI_03N111W,2012-02-29T15:56:53.600
