cal_id,category,lat,lon_180,lon_360,daubar2013_site,match_dist_deg,diameter_m,ctx_before_id,ctx_before_date,ctx_after_id,ctx_after_date,hirise_id,n_ctx_footprints_at_point,outlier_flag,notes
1,good,9.051,-100.492,259.508,1,0.0022,4.9±0.04,P09_004477_1906,7/11/2007,P13_006178_1907,11/20/2007,PSP_007246_1890,4,,
2,good,25.605,-171.421,188.579,2,0.001,2.1±0.1,P06_003451_2035,4/22/2007,P13_006286_2073,11/29/2007,PSP_006998_2060,6,,
3,good,14.527,-91.151,268.849,3,0.0032,14.7±0.1,P03_002169_1937,1/12/2007,P14_006560_1936,12/20/2007,PSP_007272_1945,8,,
4,junk,-6.241,-86.015,273.985,4,0.0014,1.7±0.03,P03_002103_1721,1/7/2007,P15_006850_1741,1/12/2008,PSP_007496_1735,13,,
5,junk,-2.952,-72.173,287.827,5,0.005,3.2±0.03,P02_001997_1744,12/30/2006,P18_007891_1742,4/2/2008,PSP_010528_1770,10,,
6,good,15.652,-93.784,266.216,6,0.002,4.8±0.1,P12_005558_1952,10/3/2007,P18_007984_1959,4/9/2008,PSP_010621_1960,6,,
7,junk,-1.928,-126.869,233.131,7,0.0,6.4±0.03,P06_003344_1782,4/14/2007,P19_008539_1776,5/22/2008,PSP_010319_1780,6,,
8,good,46.354,176.886,176.886,8,0.0058,8.0±0.4,P20_008699_2247,6/4/2008,P22_009556_2263,8/10/2008,PSP_009978_2265,41,,
9,good,-2.02,-113.431,246.569,9,0.0051,6.6±0.07,B01_009923_1790,9/7/2008,B01_010213_1790,9/30/2008,PSP_010635_1780,7,,
10,faint,-6.018,-123.966,236.034,10,0.001,6.0±0.02,P07_003845_1749,5/23/2007,B05_011743_1731,1/27/2009,ESP_016200_1740,22,,
11,good,2.912,-109.233,250.767,11,0.0028,2.5±0.03,P17_007510_1851,3/3/2008,B05_011782_1818,1/30/2009,ESP_012349_1830,3,,
12,good,11.479,-104.989,255.011,12,0.003,4.8±0.04,P13_005954_1927,11/3/2007,B06_012006_1912,2/17/2009,ESP_013707_1915,8,,
13,good,5.544,177.892,177.892,13,0.0014,11.5±0.06,P02_001790_1871,12/13/2006,B06_012022_1845,2/18/2009,ESP_017969_1855,3,,
14,faint,10.599,-173.516,186.484,14,0.0,3.5±0.04,P08_004150_1923,6/15/2007,B07_012259_1927,3/8/2009,ESP_016149_1905,5,,
15,good,4.431,-158.605,201.395,15,0.002,4.6±0.08,P18_008171_1829,4/24/2008,B08_012931_1847,4/30/2009,ESP_013287_1845,5,,
16,junk,-8.879,-142.358,217.642,16,0.001,4.7±0.03,P03_002382_1705,1/29/2007,B09_013181_1733,5/19/2009,ESP_018561_1710,5,,
17,good,-0.632,-111.088,248.912,17,0.0022,33.8±0.09,P03_002394_1809,1/29/2007,B09_013193_1810,5/20/2009,ESP_015949_1795,4,,
18,good,-6.847,-100.605,259.395,18,0.001,6.4±0.03,P21_009250_1733,7/17/2008,B11_013786_1729,7/5/2009,ESP_016331_1730,4,,
19,good,-4.168,-113.29,246.71,19,0.001,6.0±0.01,P09_004438_1763,7/8/2007,B11_014037_1761,7/25/2009,ESP_016582_1760,6,,
20,good,3.242,-124.902,235.098,20,0.0022,8.6±0.02,P13_006113_1819,11/15/2007,B16_015989_1834,12/24/2009,ESP_023426_1835,6,,
21,good,4.866,-80.636,279.364,21,0.0022,3.1±0.09,P17_007799_1860,3/26/2008,B17_016172_1863,1/7/2010,ESP_025943_1850,3,,
22,good,24.106,-80.201,279.799,22,0.0,3.6±0.02,B02_010370_2044,10/12/2008,B17_016251_2044,1/13/2010,ESP_026589_2045,8,,
23,good,-0.964,37.832,37.832,23,0.0014,5.6±0.02,P07_003694_1797,5/11/2007,B17_016260_1788,1/14/2010,ESP_017038_1790,9,,
24,good,30.494,178.252,178.252,24,0.003,9.4±0.08,P18_008119_2106,4/20/2008,B17_016347_2105,1/21/2010,ESP_017481_2110,4,,
25,good,-2.566,-176.035,183.965,25,0.001,4.7±0.003,B03_010901_1782,11/22/2008,B18_016492_1798,2/1/2010,ESP_018404_1775,4,,
26,good,24.921,-114.71,245.29,26,0.001,6.4±0.04,P20_008868_2048,6/17/2008,B18_016516_2043,2/3/2010,ESP_018784_2050,11,,
27,junk,30.792,-140.765,219.235,27,0.001,4.7±0.02,P13_006153_2133,11/18/2007,B18_016662_2087,2/14/2010,ESP_017229_2110,9,,
28,junk,-13.995,-109.213,250.787,28,1.3604,7.5+/-0.02,B17_016305_1653,1/17/2010,B18_016727_1658,2/19/2010,ESP_018217_1645,37,,Coord offset 1.36 deg from D13 site 28; match confirmed by shared CTX swath. Larger offset than other pairs but still a valid match.
29,good,7.495,-114.811,245.189,29,0.0022,7.6±0.01,P17_007497_1865,3/2/2008,B20_017360_1895,4/10/2010,ESP_017927_1875,7,,
30,good,12.332,-88.535,271.465,30,0.0014,4.6±0.003,P18_007997_1935,4/10/2008,B20_017570_1913,4/26/2010,ESP_018493_1925,7,,
31,good,40.341,-174.498,185.502,31,0.001,3.4±0.002,B17_016439_2230,1/28/2010,B22_018140_2231,6/9/2010,ESP_018707_2205,23,,
32,good,46.611,133.705,133.705,32,0.001,4.2±0.04,B21_017654_2279,5/3/2010,G01_018577_2279,7/14/2010,ESP_018854_2270,22,,
33,good,3.119,53.382,53.382,33,0.0022,2.7±0.03,B01_009930_1835,9/8/2008,G01_018712_1840,7/24/2010,ESP_022536_1830,10,,
34,good,41.019,126.305,126.305,34,0.0045,20±0.05,B19_016995_2190,3/12/2010,G02_019052_2214,8/20/2010,ESP_019830_2215,5,,
35,good,18.936,-157.204,202.796,35,0.001,5.4±0.03,B09_013076_1989,5/11/2009,G02_019168_1992,8/29/2010,ESP_020869_1990,6,,
36,good,32.251,112.394,112.394,36,0.0054,4.2±0.05,B07_012288_2119,3/10/2009,G03_019580_2127,9/30/2010,ESP_020714_2125,5,,
37,good,12.272,-163.512,196.488,37,0.0045,3.5±0.01,B19_016953_1945,3/9/2010,G04_019788_1920,10/16/2010,ESP_022056_1925,3,,
38,good,4.473,-113.106,246.894,38,0.0014,7.3±0.02,G02_018995_1846,8/15/2010,G11_022608_1848,5/24/2011,ESP_022964_1845,13,,
39,good,3.703,-84.009,275.991,39,0.001,4.2±0.05,B09_012981_1844,5/3/2009,G14_023886_1819,8/31/2011,ESP_025864_1835,4,,
40,good,24.584,-68.891,291.109,40,0.002,10.9±0.01,P17_007693_2040,3/17/2008,G15_024215_2048,9/26/2011,ESP_028659_2050,5,,
41,good,35.907,-158.391,201.609,42,0.6345,9.0+/-0.07,G05_020091_2155,11/9/2010,G16_024482_2155,10/17/2011,ESP_026038_2155,31,,D13 site 41 omitted (erroneous duplicate after-image shared with site 42). Cal 41 = D13 site 42; cal 41/42/43 = D13 42/43/44.
42,good,3.291,-113.169,246.831,43,0.0041,9.0±0.07,B02_010424_1849,10/16/2008,G17_024942_1813,11/22/2011,ESP_027975_1835,5,,
43,good,2.579,-111.477,248.523,44,0.001,11.8±0.09,B09_013193_1810,5/20/2009,G18_025087_1836,12/3/2011,ESP_026221_1825,4,,
